------------------------------------------------------
Started: 2026-08-26 08:50:00.971440
Existing_entries: 0
Fetching from https://mondovisione.com/media-and-resources/news/rss/
Summarization failed, append the original article
error: __init__() got an unexpected keyword argument 'proxies'
Append: [ASX: Dividend Reinvestment Plan and Partial Underwriting](http://www.mondovisione.com/media-and-resources/news/asx-dividend-reinvestment-plan-and-partial-underwriting-2026826/)
Summarization failed, append the original article
error: __init__() got an unexpected keyword argument 'proxies'
Append: [Singapore FinTech Festival 2026 To Explore The Five Forces Rewiring Global Finance](http://www.mondovisione.com/media-and-resources/news/singapore-fintech-festival-2026-to-explore-the-five-forces-rewiring-global-finan-2026826/)
Summarization failed, append the original article
error: __init__() got an unexpected keyword argument 'proxies'
Append: [ASIC Sets Plan To Be Easier To Deal With, Harder To Avoid](http://www.mondovisione.com/media-and-resources/news/asic-sets-plan-to-be-easier-to-deal-with-harder-to-avoid-2026826/)
Summarization failed, append the original article
error: __init__() got an unexpected keyword argument 'proxies'
Append: [Nasdaq Announces Mid-Month Open Short Interest Positions In Nasdaq Stocks As Of Settlement Date August 14, 2026](http://www.mondovisione.com/media-and-resources/news/nasdaq-announces-mid-month-open-short-interest-positions-in-nasdaq-stocks-as-of-2026825/)
Summarization failed, append the original article
error: __init__() got an unexpected keyword argument 'proxies'
Append: [NYSE Group Consolidated Short Interest Report](http://www.mondovisione.com/media-and-resources/news/nyse-group-consolidated-short-interest-report-2026825/)
Append: [CME Group Announces First Trade Of U.S. Zinc Futures](http://www.mondovisione.com/media-and-resources/news/cme-group-announces-first-trade-of-us-zinc-futures-2026825/)
Append: [US Federal Trade Commission (FTC) Approves Final Consent Order In Ascension Health-AmSurg Deal](http://www.mondovisione.com/media-and-resources/news/us-federal-trade-commission-ftc-approves-final-consent-order-in-ascension-heal-2026825/)
Append: [ICE First Look At Mortgage Performance: Mortgage Delinquencies Ease In July As Both New Defaults And Cure Activity Improve](http://www.mondovisione.com/media-and-resources/news/ice-first-look-at-mortgage-performance-mortgage-delinquencies-ease-in-july-as-b-2026825/)
Append: [Clear Street Launches Electronic Execution Across Europe And Asia-Pacific](http://www.mondovisione.com/media-and-resources/news/clear-street-launches-electronic-execution-across-europe-and-asia-pacific-2026825/)
Append: [The EBA Consults On Revised Technical Standards For The Reclassification Of Investment Firms As Credit Institutions](http://www.mondovisione.com/media-and-resources/news/the-eba-consults-on-revised-technical-standards-for-the-reclassification-of-inve-2026825/)
append_entries: 10
Finish: 2026-08-26 08:50:01.869424
------------------------------------------------------
Started: 2026-08-26 10:38:53.343291
Existing_entries: 10
Fetching from https://mondovisione.com/media-and-resources/news/rss/
Summarization failed, append the original article
error: __init__() got an unexpected keyword argument 'proxies'
Append: [Decision By The Nasdaq Stockholm Disciplinary Committee Regarding VIMAB Group AB (publ)](http://www.mondovisione.com/media-and-resources/news/decision-by-the-nasdaq-stockholm-disciplinary-committee-regarding-vimab-group-ab-2026826/)
Summarization failed, append the original article
error: __init__() got an unexpected keyword argument 'proxies'
Append: [UK Financial Conduct Authority Bans Trio Behind £35.5m Scheme Designed To Bypass Visa Rules](http://www.mondovisione.com/media-and-resources/news/uk-financial-conduct-authority-bans-trio-behind-355m-scheme-designed-to-bypass-2026826/)
Summarization failed, append the original article
error: __init__() got an unexpected keyword argument 'proxies'
Append: [Institutional Investors Globally Join SET’s Annual Event “Thailand Focus 2026: Reignite Thailand” Reassuring Confidence In Thai Economy And Capital Market](http://www.mondovisione.com/media-and-resources/news/institutional-investors-globally-join-sets-annual-event-thailand-focus-2026-r-2026826/)
Summarization failed, append the original article
error: __init__() got an unexpected keyword argument 'proxies'
Append: [Moscow Exchange Announces Results For The Second Quarter Of 2026](http://www.mondovisione.com/media-and-resources/news/moscow-exchange-announces-results-for-the-second-quarter-of-2026-2026826/)
append_entries: 4
Finish: 2026-08-26 10:38:54.426911
------------------------------------------------------
Started: 2026-08-26 13:00:16.435241
Existing_entries: 14
Fetching from https://mondovisione.com/media-and-resources/news/rss/
Summarization failed, append the original article
error: __init__() got an unexpected keyword argument 'proxies'
Append: [CME Group Enters Wind Market With Contracts Designed For Renewable Energy Hedging](http://www.mondovisione.com/media-and-resources/news/cme-group-enters-wind-market-with-contracts-designed-for-renewable-energy-hedgin-2026826/)
append_entries: 1
Finish: 2026-08-26 13:00:17.673682
------------------------------------------------------
Started: 2026-08-26 14:48:56.464734
Existing_entries: 15
Fetching from https://mondovisione.com/media-and-resources/news/rss/
Summarization failed, append the original article
error: __init__() got an unexpected keyword argument 'proxies'
Append: [FTSE Russell And 21shares Announce Global Benchmark Partnership Across US, European, And Australian ETP Suites - Strategic Initiative Standardizes Index Architecture Across 21shares’ Worldwide Product Lineup, Building On Transitions Successfully Completed In Europe And Australia Earlier This Year](http://www.mondovisione.com/media-and-resources/news/ftse-russell-and-21shares-announce-global-benchmark-partnership-across-us-europ-2026826/)
Summarization failed, append the original article
error: __init__() got an unexpected keyword argument 'proxies'
Append: [Toronto Stock Exchange, TSX Venture Exchange, TSX Alpha Exchange And Montréal Exchange Closed For Labour Day](http://www.mondovisione.com/media-and-resources/news/toronto-stock-exchange-tsx-venture-exchange-tsx-alpha-exchange-and-montral-ex-2026826/)
Summarization failed, append the original article
error: __init__() got an unexpected keyword argument 'proxies'
Append: [UK Financial Conduct Authority (FCA) Annual Report And Accounts 2025/26 (For The Year Ended 31 March 2026)](http://www.mondovisione.com/media-and-resources/news/uk-financial-conduct-authority-fca-annual-report-and-accounts-202526-for-the-2026826/)
append_entries: 3
Finish: 2026-08-26 14:48:57.869912
------------------------------------------------------
Started: 2026-08-26 16:50:22.080126
Existing_entries: 18
Fetching from https://mondovisione.com/media-and-resources/news/rss/
Summarization failed, append the original article
error: __init__() got an unexpected keyword argument 'proxies'
Append: [Announcement On Amendments Regarding Debt Securities Market And Borsa İstanbul Money Market Procedures](http://www.mondovisione.com/media-and-resources/news/announcement-on-amendments-regarding-debt-securities-market-and-borsa-istanbul-m-2026826/)
Summarization failed, append the original article
error: __init__() got an unexpected keyword argument 'proxies'
Append: [Stronger Mainland Connectivity Reinforces Hong Kong’s Leading Role As China Assets Gateway: Hong Kong Securities And Futures Commission Quarterly Report](http://www.mondovisione.com/media-and-resources/news/stronger-mainland-connectivity-reinforces-hong-kongs-leading-role-as-china-asse-2026826/)
append_entries: 2
Finish: 2026-08-26 16:50:23.196625
------------------------------------------------------
Started: 2026-08-26 19:51:43.639539
Existing_entries: 20
Fetching from https://mondovisione.com/media-and-resources/news/rss/
Summarization failed, append the original article
error: __init__() got an unexpected keyword argument 'proxies'
Append: [The EBA Consults On Draft Technical Standards On Institutions’ Operational Risk Management](http://www.mondovisione.com/media-and-resources/news/the-eba-consults-on-draft-technical-standards-on-institutions-operational-risk-2026826/)
append_entries: 1
Finish: 2026-08-26 19:51:45.075630
------------------------------------------------------
Started: 2026-08-26 22:56:59.440034
Existing_entries: 21
Fetching from https://mondovisione.com/media-and-resources/news/rss/
append_entries: 0
Finish: 2026-08-26 22:57:00.593452
------------------------------------------------------
Started: 2026-08-27 08:30:43.134589
Existing_entries: 21
Fetching from https://mondovisione.com/media-and-resources/news/rss/
Summarization failed, append the original article
error: __init__() got an unexpected keyword argument 'proxies'
Append: [A Quarter Of A Century Of ETFs On ASX](http://www.mondovisione.com/media-and-resources/news/a-quarter-of-a-century-of-etfs-on-asx-2026827/)
Summarization failed, append the original article
error: __init__() got an unexpected keyword argument 'proxies'
Append: [ASIC And APRA Warn Frontier AI Awareness Must Turn To Action](http://www.mondovisione.com/media-and-resources/news/asic-and-apra-warn-frontier-ai-awareness-must-turn-to-action-2026827/)
Summarization failed, append the original article
error: __init__() got an unexpected keyword argument 'proxies'
Append: [ASX: Dividend Reinvestment Plan Update](http://www.mondovisione.com/media-and-resources/news/asx-dividend-reinvestment-plan-update-2026827/)
Summarization failed, append the original article
error: __init__() got an unexpected keyword argument 'proxies'
Append: [Emirati Women Represent 94% Of Female-Held Wealth On ADX](http://www.mondovisione.com/media-and-resources/news/emirati-women-represent-94-of-female-held-wealth-on-adx-2026827/)
append_entries: 4
Finish: 2026-08-27 08:30:44.329777
------------------------------------------------------
Started: 2026-08-27 20:14:15.130721
Existing_entries: 25
Fetching from https://mondovisione.com/media-and-resources/news/rss/
Summarization failed, append the original article
error: __init__() got an unexpected keyword argument 'proxies'
Append: [New York Department Of State’s Division Of Consumer Protection Warns New Yorkers Of A Surge In AI Investment Scams](http://www.mondovisione.com/media-and-resources/news/new-york-department-of-states-division-of-consumer-protection-warns-new-yorkers-2026827/)
Summarization failed, append the original article
error: __init__() got an unexpected keyword argument 'proxies'
Append: [Prediction Markets: Canadian Securities Administrators And Canadian Investment Regulatory Organization Provide Guidance On Certain Types Of Event Contracts](http://www.mondovisione.com/media-and-resources/news/prediction-markets-canadian-securities-administrators-and-canadian-investment-r-2026827/)
Summarization failed, append the original article
error: __init__() got an unexpected keyword argument 'proxies'
Append: [Dubai Financial Market Regulated Short Sell – Weekly Summary - 24th August 2026 To 27th August 2026](http://www.mondovisione.com/media-and-resources/news/dubai-financial-market-regulated-short-sell-weekly-summary-24th-august-2026-2026827/)
Summarization failed, append the original article
error: __init__() got an unexpected keyword argument 'proxies'
Append: [RQD* Clearing Secures $74 Million Strategic Growth Investment Led By Bain Capital - Investment Will Accelerate Leading Clearing And Custody Firm's Continued Scaling, Expansion Of Its Product Offering And Entry Into New Global Markets](http://www.mondovisione.com/media-and-resources/news/rqd-clearing-secures-74-million-strategic-growth-investment-led-by-bain-capita-2026827/)
Summarization failed, append the original article
error: __init__() got an unexpected keyword argument 'proxies'
Append: [Fiserv To Present At Upcoming Investor Conference](http://www.mondovisione.com/media-and-resources/news/fiserv-to-present-at-upcoming-investor-conference-2026827/)
Append: [Delay To The November 2026 RTGS Standards Release - Bank Of England Statement](http://www.mondovisione.com/media-and-resources/news/delay-to-the-november-2026-rtgs-standards-release-bank-of-england-statement-2026827/)
Append: [The EBA Responds To The European Parliament’s Observations Made In The 2024 Discharge Report](http://www.mondovisione.com/media-and-resources/news/the-eba-responds-to-the-european-parliaments-observations-made-in-the-2024-disc-2026827/)
Append: [Nasdaq Verafin Partners With Q6 Cyber, Bringing Unique Intelligence Together For Proactive Fraud Prevention To Support Financial Institutions - Q6 Partnership Brings Unique Dark Web Fraud Intelligence Into Nasdaq Verafin’s Consortium](http://www.mondovisione.com/media-and-resources/news/nasdaq-verafin-partners-with-q6-cyber-bringing-unique-intelligence-together-for-2026827/)
Append: [NYSE Texas Opens Headquarters At Old Parkland In Dallas - Governor Greg Abbott To Ring The NYSE Texas Closing Bell, Broadcast Live From The Exchange](http://www.mondovisione.com/media-and-resources/news/nyse-texas-opens-headquarters-at-old-parkland-in-dallas-governor-greg-abbott-t-2026827/)
Append: [CME Group To Launch E-mini Equity Factor Futures On September 21](http://www.mondovisione.com/media-and-resources/news/cme-group-to-launch-e-mini-equity-factor-futures-on-september-21-2026827/)
append_entries: 10
Finish: 2026-08-27 20:14:16.222108
------------------------------------------------------
Started: 2026-08-28 06:01:59.612882
Existing_entries: 35
Fetching from https://mondovisione.com/media-and-resources/news/rss/
Summarization failed, append the original article
error: __init__() got an unexpected keyword argument 'proxies'
Append: [HKEX Enhances Product Offering With SHEIN Debut](http://www.mondovisione.com/media-and-resources/news/hkex-enhances-product-offering-with-shein-debut-2026828/)
Summarization failed, append the original article
error: __init__() got an unexpected keyword argument 'proxies'
Append: [SEC: 38 Entities Feigned Legitimacy As U.S. Advisers Through False Filings To Lure Retail Investors](http://www.mondovisione.com/media-and-resources/news/sec-38-entities-feigned-legitimacy-as-us-advisers-through-false-filings-to-lu-2026828/)
Summarization failed, append the original article
error: __init__() got an unexpected keyword argument 'proxies'
Append: [US Agencies Issue Final Rule To Prioritize Material Financial Risks](http://www.mondovisione.com/media-and-resources/news/us-agencies-issue-final-rule-to-prioritize-material-financial-risks-2026827/)
Summarization failed, append the original article
error: __init__() got an unexpected keyword argument 'proxies'
Append: [Office Of The Comptroller Of The US Currency Acts To Improve Transparency And Consistency To Bank Enforcement And Supervisory Standards](http://www.mondovisione.com/media-and-resources/news/office-of-the-comptroller-of-the-us-currency-acts-to-improve-transparency-and-co-2026827/)
append_entries: 4
Finish: 2026-08-28 06:02:00.706378
------------------------------------------------------
Started: 2026-08-28 20:06:30.468308
Existing_entries: 39
Fetching from https://mondovisione.com/media-and-resources/news/rss/
Summarization failed, append the original article
error: __init__() got an unexpected keyword argument 'proxies'
Append: [CFTC Commitments Of Traders Reports Update](http://www.mondovisione.com/media-and-resources/news/cftc-commitments-of-traders-reports-update-2026828/)
Summarization failed, append the original article
error: __init__() got an unexpected keyword argument 'proxies'
Append: [ICYMI: North State Journal: G20 Finance Leaders Convene In Asheville With Growth At Center Of U.S. Agenda](http://www.mondovisione.com/media-and-resources/news/icymi-north-state-journal-g20-finance-leaders-convene-in-asheville-with-growth-2026828/)
Summarization failed, append the original article
error: __init__() got an unexpected keyword argument 'proxies'
Append: [SEC Proposes Amendments To Exchange Act Rule 3a12-8 To Add European Union Debt Obligations](http://www.mondovisione.com/media-and-resources/news/sec-proposes-amendments-to-exchange-act-rule-3a12-8-to-add-european-union-debt-o-2026828/)
Summarization failed, append the original article
error: __init__() got an unexpected keyword argument 'proxies'
Append: [Federal Reserve Chairman Kevin Warsh - At “Financial Innovation: Implications For Payments And Policy,” An Economic Policy Symposium Sponsored By The Federal Reserve Bank Of Kansas City, Jackson Hole, Wyoming](http://www.mondovisione.com/media-and-resources/news/federal-reserve-chairman-kevin-warsh-at-financial-innovation-implications-fo-2026828/)
Summarization failed, append the original article
error: __init__() got an unexpected keyword argument 'proxies'
Append: [MNI Indicators: Chicago Business Barometer™ - Dropped To 47.1 In August](http://www.mondovisione.com/media-and-resources/news/mni-indicators-chicago-business-barometer-dropped-to-471-in-august-2026828/)
Append: [Central Banks On-Chain - Speech By Isabel Schnabel, Member Of The Executive Board Of The ECB, At The Jackson Hole Economic Policy Symposium On “Financial Innovation: Implications For Payments And Policy” - Jackson Hole, 28 August 2026](http://www.mondovisione.com/media-and-resources/news/central-banks-on-chain-speech-by-isabel-schnabel-member-of-the-executive-boar-2026828/)
Append: [Malawi Stock Exchange Weekly Summary Report, 28 August 2026](http://www.mondovisione.com/media-and-resources/news/malawi-stock-exchange-weekly-summary-report-28-august-2026-2026828/)
Append: [OMC Tankers Lists On Euronext Growth](http://www.mondovisione.com/media-and-resources/news/omc-tankers-lists-on-euronext-growth-2026828/)
Append: [SET Appoints Benjarong Suwankiri As Senior Executive Vice President (Chief Strategy & Finance Officer)](http://www.mondovisione.com/media-and-resources/news/set-appoints-benjarong-suwankiri-as-senior-executive-vice-president-chief-strat-2026828/)
Append: [Revised Lists Of The Moscow Exchange Indices Announced](http://www.mondovisione.com/media-and-resources/news/revised-lists-of-the-moscow-exchange-indices-announced-2026828/)
append_entries: 10
Finish: 2026-08-28 20:06:31.525836
------------------------------------------------------
Started: 2026-08-29 03:35:12.524083
Existing_entries: 49
Fetching from https://mondovisione.com/media-and-resources/news/rss/
append_entries: 0
Finish: 2026-08-29 03:35:13.650258
------------------------------------------------------
Started: 2026-08-29 10:56:29.988305
Existing_entries: 49
Fetching from https://mondovisione.com/media-and-resources/news/rss/
Summarization failed, append the original article
error: __init__() got an unexpected keyword argument 'proxies'
Append: [CFTC Orders Gabriel Perez To Pay $172,000 For Insider Trading Of Mention Market Event Contracts](http://www.mondovisione.com/media-and-resources/news/cftc-orders-gabriel-perez-to-pay-172000-for-insider-trading-of-mention-market-2026829/)
Summarization failed, append the original article
error: __init__() got an unexpected keyword argument 'proxies'
Append: [The Bermuda Stock Exchange Will Be Closed For Bermuda Labour Day Public Holiday](http://www.mondovisione.com/media-and-resources/news/the-bermuda-stock-exchange-will-be-closed-for-bermuda-labour-day-public-holiday-2026829/)
append_entries: 2
Finish: 2026-08-29 10:56:31.348843
------------------------------------------------------
Started: 2026-08-29 16:30:17.435791
Existing_entries: 51
Fetching from https://mondovisione.com/media-and-resources/news/rss/
append_entries: 0
Finish: 2026-08-29 16:30:18.679451
------------------------------------------------------
Started: 2026-08-29 20:44:09.370706
Existing_entries: 51
Fetching from https://mondovisione.com/media-and-resources/news/rss/
Summarization failed, append the original article
error: __init__() got an unexpected keyword argument 'proxies'
Append: [Nigerian Exchange Weekly Market Report For The Week Ended 28 August 2026](http://www.mondovisione.com/media-and-resources/news/nigerian-exchange-weekly-market-report-for-the-week-ended-28-august-2026-2026829/)
append_entries: 1
Finish: 2026-08-29 20:44:10.642386
------------------------------------------------------
Started: 2026-08-29 23:58:36.856236
Existing_entries: 52
Fetching from https://mondovisione.com/media-and-resources/news/rss/
append_entries: 0
Finish: 2026-08-29 23:58:37.818478
------------------------------------------------------
Started: 2026-08-30 05:12:46.436580
Existing_entries: 52
Fetching from https://mondovisione.com/media-and-resources/news/rss/
append_entries: 0
Finish: 2026-08-30 05:12:47.436197
------------------------------------------------------
Started: 2026-08-30 11:36:58.327559
Existing_entries: 52
Fetching from https://mondovisione.com/media-and-resources/news/rss/
append_entries: 0
Finish: 2026-08-30 11:36:59.246707
------------------------------------------------------
Started: 2026-08-30 16:23:55.702787
Existing_entries: 52
Fetching from https://mondovisione.com/media-and-resources/news/rss/
append_entries: 0
Finish: 2026-08-30 16:23:56.717032
------------------------------------------------------
Started: 2026-08-30 20:49:21.066849
Existing_entries: 52
Fetching from https://mondovisione.com/media-and-resources/news/rss/
append_entries: 0
Finish: 2026-08-30 20:49:22.191471
------------------------------------------------------
Started: 2026-08-31 00:18:54.866888
Existing_entries: 52
Fetching from https://mondovisione.com/media-and-resources/news/rss/
append_entries: 0
Finish: 2026-08-31 00:18:56.167304
------------------------------------------------------
Started: 2026-08-31 08:25:54.962097
Existing_entries: 52
Fetching from https://mondovisione.com/media-and-resources/news/rss/
Summarization failed, append the original article
error: __init__() got an unexpected keyword argument 'proxies'
Append: [Japan Electric Power Exchange And Tokyo Commodity Exchange: JJ-Link Phase 2 Launches Offering Forward Transactions Based On The Electricity Futures Market](http://www.mondovisione.com/media-and-resources/news/japan-electric-power-exchange-and-tokyo-commodity-exchange-jj-link-phase-2-laun-2026831/)
Summarization failed, append the original article
error: __init__() got an unexpected keyword argument 'proxies'
Append: [Beyond The Payout: ASIC Warns Home Insurers To Reduce Cash Settlement Risks](http://www.mondovisione.com/media-and-resources/news/beyond-the-payout-asic-warns-home-insurers-to-reduce-cash-settlement-risks-2026831/)
Summarization failed, append the original article
error: __init__() got an unexpected keyword argument 'proxies'
Append: [JPX-R Annual Report 2026](http://www.mondovisione.com/media-and-resources/news/jpx-r-annual-report-2026-2026831/)
Summarization failed, append the original article
error: __init__() got an unexpected keyword argument 'proxies'
Append: [ASIC Warns Insurers Cash Settlements Should Not Short-Change Homeowners In Need](http://www.mondovisione.com/media-and-resources/news/asic-warns-insurers-cash-settlements-should-not-short-change-homeowners-in-need-2026831/)
Summarization failed, append the original article
error: __init__() got an unexpected keyword argument 'proxies'
Append: [Announcement Of Approval Of Two Institutions Including Chow Tai Seng Jewellery (Hong Kong) Co., Limited As Shanghai Gold Exchange’s International Members And Terminating Of SGE International Membership Of China Zheshang Bank Co., Ltd. Shanghai Pilot Free Trade Zone Branch And Two Other Institutions](http://www.mondovisione.com/media-and-resources/news/announcement-of-approval-of-two-institutions-including-chow-tai-seng-jewellery-2026831/)
Append: [Saudi Arabia Capital Market Authority: 44 Winners Honored In Fourth Season Of Gulf Smart Investor Award, With Prizes Exceeding SAR 1.5 Million](http://www.mondovisione.com/media-and-resources/news/saudi-arabia-capital-market-authority-44-winners-honored-in-fourth-season-of-gu-2026831/)
append_entries: 6
Finish: 2026-08-31 08:25:56.275714
------------------------------------------------------
Started: 2026-08-31 17:28:40.727614
Existing_entries: 58
Fetching from https://mondovisione.com/media-and-resources/news/rss/
Summarization failed, append the original article
error: __init__() got an unexpected keyword argument 'proxies'
Append: [Stability Matters - Latest News From The FSB](http://www.mondovisione.com/media-and-resources/news/stability-matters-latest-news-from-the-fsb-2026831/)
Summarization failed, append the original article
error: __init__() got an unexpected keyword argument 'proxies'
Append: [Iran Largest IPO To Date: Taban Farda On Tehran Securities Exchange](http://www.mondovisione.com/media-and-resources/news/iran-largest-ipo-to-date-taban-farda-on-tehran-securities-exchange-2026831/)
Summarization failed, append the original article
error: __init__() got an unexpected keyword argument 'proxies'
Append: [NSE Indices Dashboard For August 2026](http://www.mondovisione.com/media-and-resources/news/nse-indices-dashboard-for-august-2026-2026831/)
Summarization failed, append the original article
error: __init__() got an unexpected keyword argument 'proxies'
Append: [MIAX Exchange Group - Options And Equities - Holiday Schedule - Labor Day 2026](http://www.mondovisione.com/media-and-resources/news/miax-exchange-group-options-and-equities-holiday-schedule-labor-day-2026-2026831/)
Summarization failed, append the original article
error: __init__() got an unexpected keyword argument 'proxies'
Append: [HKEX Report On Initial Public Offering Applications, Delisting And Suspensions - August 2026](http://www.mondovisione.com/media-and-resources/news/hkex-report-on-initial-public-offering-applications-delisting-and-suspensions-2026831/)
Append: [Financial Advisors And Institutional Investors Invited To Register To Join Asia Pacific's Leading ETF Educational Summit - ETFGI's 7th Annual Global Etfs Insights Summit Asia Pacific To Bring Together Regulators, Investors, Exchanges And Industry Leaders From Across The Region](http://www.mondovisione.com/media-and-resources/news/financial-advisors-and-institutional-investors-invited-to-register-to-join-asia-2026831/)
Append: [ETFGI: New ETF Launches Surge To All-Time High As Innovation Accelerates Across Active, AI-Driven, Income, And Thematic Strategies](http://www.mondovisione.com/media-and-resources/news/etfgi-new-etf-launches-surge-to-all-time-high-as-innovation-accelerates-across-2026831/)
Append: [Tehran Securities Exchange Weekly Market Report, 22 - 26 August 2026](http://www.mondovisione.com/media-and-resources/news/tehran-securities-exchange-weekly-market-report-22-26-august-2026-2026831/)
Append: [FSB Chair Warns Of Risks Arising From Frontier Artificial Intelligence (AI) Models](http://www.mondovisione.com/media-and-resources/news/fsb-chair-warns-of-risks-arising-from-frontier-artificial-intelligence-ai-mode-2026831/)
Append: [Bank Indonesia And The Monetary Authority Of Singapore Operationalise Local Currency Transaction Framework For Bilateral Trade Transactions](http://www.mondovisione.com/media-and-resources/news/bank-indonesia-and-the-monetary-authority-of-singapore-operationalise-local-curr-2026831/)
append_entries: 10
Finish: 2026-08-31 17:28:42.386065
------------------------------------------------------
Started: 2026-08-31 22:40:47.977563
Existing_entries: 68
Fetching from https://mondovisione.com/media-and-resources/news/rss/
Summarization failed, append the original article
error: __init__() got an unexpected keyword argument 'proxies'
Append: [MIAX Exchange Group - Notice Of Filing Of A Proposed Rule Change To Amend The Codes Of Arbitration Procedure To Make Changes To Certain Provisions Relating To Arbitrator List Selection](http://www.mondovisione.com/media-and-resources/news/miax-exchange-group-notice-of-filing-of-a-proposed-rule-change-to-amend-the-co-2026831/)
Summarization failed, append the original article
error: __init__() got an unexpected keyword argument 'proxies'
Append: [SEC And FDA Announce MOU To Bolster Cooperation And Ensure Market Integrity](http://www.mondovisione.com/media-and-resources/news/sec-and-fda-announce-mou-to-bolster-cooperation-and-ensure-market-integrity-2026831/)
Summarization failed, append the original article
error: __init__() got an unexpected keyword argument 'proxies'
Append: [CFTC Further Extends Compliance Date For Amendments To Form PF](http://www.mondovisione.com/media-and-resources/news/cftc-further-extends-compliance-date-for-amendments-to-form-pf-2026831/)
Summarization failed, append the original article
error: __init__() got an unexpected keyword argument 'proxies'
Append: [Statement On Extension of 2024 Form PF Amendments, Paul S. Atkins, SEC Chairman, Aug. 31, 2026](http://www.mondovisione.com/media-and-resources/news/statement-on-extension-of-2024-form-pf-amendments-paul-s-atkins-sec-chairman-2026831/)
Summarization failed, append the original article
error: __init__() got an unexpected keyword argument 'proxies'
Append: [CFTC Swaps Report Update](http://www.mondovisione.com/media-and-resources/news/cftc-swaps-report-update-2026831/)
Append: [MIAX Options Exchange And MIAX Sapphire Options Exchange - September 1, 2026 Fee Changes](http://www.mondovisione.com/media-and-resources/news/miax-options-exchange-and-miax-sapphire-options-exchange-september-1-2026-fee-2026831/)
Append: [Nodal Exchange Announces Launch Of Power Hourly Futures Contracts](http://www.mondovisione.com/media-and-resources/news/nodal-exchange-announces-launch-of-power-hourly-futures-contracts-2026831/)
Append: [Office Of The Comptroller Of The US Currency Issues Fourth Quarter 2026 And First Quarter 2027 CRA Evaluation Schedule](http://www.mondovisione.com/media-and-resources/news/office-of-the-comptroller-of-the-currency-issues-fourth-quarter-2026-and-first-q-2026831/)
append_entries: 8
Finish: 2026-08-31 22:40:48.878966
------------------------------------------------------
Started: 2026-09-01 04:27:04.036712
Existing_entries: 76
Fetching from https://mondovisione.com/media-and-resources/news/rss/
append_entries: 0
Finish: 2026-09-01 04:27:05.053851
------------------------------------------------------
Started: 2026-09-01 11:24:23.630315
Existing_entries: 76
Fetching from https://mondovisione.com/media-and-resources/news/rss/
Summarization failed, append the original article
error: __init__() got an unexpected keyword argument 'proxies'
Append: [Value Of Foreign Takeovers Of UK Companies Increased By £9.7 Billion In Q2 2026 - White & Case](http://www.mondovisione.com/media-and-resources/news/value-of-foreign-takeovers-of-uk-companies-increased-by-97-billion-in-q2-2026-202691/)
Summarization failed, append the original article
error: __init__() got an unexpected keyword argument 'proxies'
Append: [SIX Exchanges Figures: August 2026](http://www.mondovisione.com/media-and-resources/news/six-exchanges-figures-august-2026-202691/)
Summarization failed, append the original article
error: __init__() got an unexpected keyword argument 'proxies'
Append: [Gaming1 Gains 11.3% Marketing Budget By Optimising Its Google Ads Investment And Click Fraud Protection With TrafficGuard - Gaming1 Deploys TrafficGuard’s Search Solution To Eliminate Invalid Advertising Traffic, Improving Campaign Efficiency And Contributing To An 11.5% Increase In Sales Conversions](http://www.mondovisione.com/media-and-resources/news/gaming1-gains-113-marketing-budget-by-optimising-its-google-ads-investment-and-202691/)
Summarization failed, append the original article
error: __init__() got an unexpected keyword argument 'proxies'
Append: [BIS Newsletter: Pushing The Monetary Frontier, Debt Dynamics, And Residential Property Prices](http://www.mondovisione.com/media-and-resources/news/bis-newsletter-pushing-the-monetary-frontier-debt-dynamics-and-residential-pr-202691/)
Summarization failed, append the original article
error: __init__() got an unexpected keyword argument 'proxies'
Append: [London Stock Exchange To Launch UK Tokenised Equity Structures And Announces Partnership With Payward To Explore Tokenised Public Equity Markets](http://www.mondovisione.com/media-and-resources/news/london-stock-exchange-to-launch-uk-tokenised-equity-structures-and-announces-par-202691/)
Append: [Japan Exchange Group Trading Overview In August 2026](http://www.mondovisione.com/media-and-resources/news/japan-exchange-group-trading-overview-in-august-2026-202691/)
Append: [Tokyo Financial Exchange Trading Volume In August 2026](http://www.mondovisione.com/media-and-resources/news/tokyo-financial-exchange-trading-volume-in-august-2026-202691/)
Append: [ASIC And APRA Host Super CEOs To Discuss Frontier AI, Cyber And Operational Resilience](http://www.mondovisione.com/media-and-resources/news/asic-and-apra-host-super-ceos-to-discuss-frontier-ai-cyber-and-operational-resi-202691/)
Append: [Tokyo Stock Exchange: Applications Open For FY2026 “Nadeshiko Brands” And “Next Nadeshiko: Companies Supporting Dual Careers And Co-parenting”](http://www.mondovisione.com/media-and-resources/news/tokyo-stock-exchange-applications-open-for-fy2026-nadeshiko-brands-and-next-202691/)
Append: [Monetary Authority Of Singapore Consults On Legislative Amendments To Implement Stablecoin Regulatory Framework](http://www.mondovisione.com/media-and-resources/news/monetary-authority-of-singapore-consults-on-legislative-amendments-to-implement-202691/)
append_entries: 10
Finish: 2026-09-01 11:24:24.706020
------------------------------------------------------
Started: 2026-09-01 16:20:40.693832
Existing_entries: 86
Fetching from https://mondovisione.com/media-and-resources/news/rss/
Summarization failed, append the original article
error: __init__() got an unexpected keyword argument 'proxies'
Append: [SEC Proposes to Modernize Rules for Registered Transfer Agents](http://www.mondovisione.com/media-and-resources/news/sec-proposes-to-modernize-rules-for-registered-transfer-agents-202691/)
Summarization failed, append the original article
error: __init__() got an unexpected keyword argument 'proxies'
Append: [Purdue University/CME Group Ag Economy Barometer: Farmer Sentiment Rises Again In August As Future Expectations Improve](http://www.mondovisione.com/media-and-resources/news/purdue-universitycme-group-ag-economy-barometer-farmer-sentiment-rises-again-i-202691/)
Summarization failed, append the original article
error: __init__() got an unexpected keyword argument 'proxies'
Append: [Unlocking Opportunities For Workers And Entrepreneurs With A Criminal Record, Governor Michael S. Barr, At The Second-Chance Lending Forum, Developing Evidence-Based Policy On Creditworthiness And Criminal History, Washington, D.C.](http://www.mondovisione.com/media-and-resources/news/unlocking-opportunities-for-workers-and-entrepreneurs-with-a-criminal-record-go-202691/)
Summarization failed, append the original article
error: __init__() got an unexpected keyword argument 'proxies'
Append: [Nasdaq Nordic And Baltic Markets: Monthly Trade Statistics](http://www.mondovisione.com/media-and-resources/news/nasdaq-nordic-and-baltic-markets-monthly-trade-statistics-202691/)
Summarization failed, append the original article
error: __init__() got an unexpected keyword argument 'proxies'
Append: [Boerse Stuttgart Records August Turnover Of Around EUR 16 Billion](http://www.mondovisione.com/media-and-resources/news/boerse-stuttgart-records-august-turnover-of-around-eur-16-billion-202691/)
Append: [Deutsche Börse Trading Volumes In August 2026](http://www.mondovisione.com/media-and-resources/news/deutsche-brse-trading-volumes-in-august-2026-202691/)
append_entries: 6
Finish: 2026-09-01 16:20:41.925569
------------------------------------------------------
Started: 2026-09-01 20:50:02.398911
Existing_entries: 92
Fetching from https://mondovisione.com/media-and-resources/news/rss/
Summarization failed, append the original article
error: __init__() got an unexpected keyword argument 'proxies'
Append: [CFTC Resolves Action Against Swaps Trader For Making False Statements](http://www.mondovisione.com/media-and-resources/news/cftc-resolves-action-against-swaps-trader-for-making-false-statements-202691/)
Summarization failed, append the original article
error: __init__() got an unexpected keyword argument 'proxies'
Append: [Office Of The Comptroller Of The US Currency Releases CRA Performance Evaluations For 23 National Banks And Federal Savings Associations](http://www.mondovisione.com/media-and-resources/news/office-of-the-comptroller-of-the-us-currency-releases-cra-performance-evaluation-202691/)
Summarization failed, append the original article
error: __init__() got an unexpected keyword argument 'proxies'
Append: [Moscow Exchange Trading Volumes In August 2026](http://www.mondovisione.com/media-and-resources/news/moscow-exchange-trading-volumes-in-august-2026-202691/)
Summarization failed, append the original article
error: __init__() got an unexpected keyword argument 'proxies'
Append: [READOUT: US Secretary Of The Treasury Scott Bessent's Meeting With Bank Of Japan Governor Kazuo Ueda](http://www.mondovisione.com/media-and-resources/news/readout-us-secretary-of-the-treasury-scott-bessents-meeting-with-bank-of-japan-202691/)
Summarization failed, append the original article
error: __init__() got an unexpected keyword argument 'proxies'
Append: [ISDA derivatiViews: 10 Years Of The ISDA SIMM](http://www.mondovisione.com/media-and-resources/news/isda-derivativiews-10-years-of-the-isda-simm-202691/)
Append: [Ontario Securities Commission Investor Warnings And Alerts For August 11 – September 1, 2026](http://www.mondovisione.com/media-and-resources/news/ontario-securities-commission-investor-warnings-and-alerts-for-august-11-septe-202691/)
Append: [Statement On Proposed Amendments To The SEC’s Transfer Agent Rules, SEC Commissioner Mark T. Uyeda, Sept. 1, 2026](http://www.mondovisione.com/media-and-resources/news/statement-on-proposed-amendments-to-the-secs-transfer-agent-rules-sec-commissi-202691/)
Append: [Time To Transfer: Statement On Proposed Transfer Agent Rules, SEC Commissioner Hester M. Peirce, Sept. 1, 2026](http://www.mondovisione.com/media-and-resources/news/time-to-transfer-statement-on-proposed-transfer-agent-rules-sec-commissioner-h-202691/)
Append: [London Stock Exchange Group plc Transaction In Own Shares](http://www.mondovisione.com/media-and-resources/news/london-stock-exchange-group-plc-transaction-in-own-shares-202691/)
append_entries: 9
Finish: 2026-09-01 20:50:03.650630
------------------------------------------------------
Started: 2026-09-01 23:54:12.235491
Existing_entries: 101
Fetching from https://mondovisione.com/media-and-resources/news/rss/
Summarization failed, append the original article
error: __init__() got an unexpected keyword argument 'proxies'
Append: [CME Group Opens Registration For 23rd Annual Global University Trading Challenge](http://www.mondovisione.com/media-and-resources/news/cme-group-opens-registration-for-23rd-annual-global-university-trading-challenge-202691/)
Summarization failed, append the original article
error: __init__() got an unexpected keyword argument 'proxies'
Append: [SEC Announces Agenda And Panelists For Roundtable On Preparations For 24-Hour Trading](http://www.mondovisione.com/media-and-resources/news/sec-announces-agenda-and-panelists-for-roundtable-on-preparations-for-24-hour-tr-202691/)
Summarization failed, append the original article
error: __init__() got an unexpected keyword argument 'proxies'
Append: [SEC Charges San Francisco Bay Area Private Fund Executives With Multimillion Dollar Ponzi-Like Scheme](http://www.mondovisione.com/media-and-resources/news/sec-charges-san-francisco-bay-area-private-fund-executives-with-multimillion-dol-202691/)
append_entries: 3
Finish: 2026-09-01 23:54:13.374606
------------------------------------------------------
Started: 2026-09-02 03:50:20.510037
Existing_entries: 104
Fetching from https://mondovisione.com/media-and-resources/news/rss/
append_entries: 0
Finish: 2026-09-02 03:50:21.550874
------------------------------------------------------
Started: 2026-09-02 08:38:12.474812
Existing_entries: 104
Fetching from https://mondovisione.com/media-and-resources/news/rss/
Summarization failed, append the original article
error: __init__() got an unexpected keyword argument 'proxies'
Append: [Final Call For Firms To Act Before ASIC’s Digital Asset Licensing Deadline](http://www.mondovisione.com/media-and-resources/news/final-call-for-firms-to-act-before-asics-digital-asset-licensing-deadline-202692/)
append_entries: 1
Finish: 2026-09-02 08:38:13.786177
------------------------------------------------------
Started: 2026-09-02 14:12:52.714241
Existing_entries: 105
Fetching from https://mondovisione.com/media-and-resources/news/rss/
Summarization failed, append the original article
error: __init__() got an unexpected keyword argument 'proxies'
Append: [AXIAN, African Development Bank Launch Digital Finance Programme To Support 34,000 Women-Led Businesses In Africa](http://www.mondovisione.com/media-and-resources/news/axian-african-development-bank-launch-digital-finance-programme-to-support-340-202692/)
Summarization failed, append the original article
error: __init__() got an unexpected keyword argument 'proxies'
Append: [CoinShares Completes Acquisition Of Bastion Asset Management - Bastion's Team And Strategies Join CoinShares As The Company's Active Alternative Strategies Business](http://www.mondovisione.com/media-and-resources/news/coinshares-completes-acquisition-of-bastion-asset-management-bastions-team-an-202692/)
Summarization failed, append the original article
error: __init__() got an unexpected keyword argument 'proxies'
Append: [Defiance ETFs Launches Defiance China Robotics ETF, Tracking The Solactive China Humanoid Robotics Index](http://www.mondovisione.com/media-and-resources/news/defiance-etfs-launches-defiance-china-robotics-etf-tracking-the-solactive-china-202692/)
Summarization failed, append the original article
error: __init__() got an unexpected keyword argument 'proxies'
Append: [Nasdaq Completes Acquisition Of Dasseti, Deepening Nasdaq eVestment's AI And Private Markets Capabilities - The Acquisition Adds AI-Powered Due Diligence And Monitoring To Nasdaq eVestment™ And Deepens The Platform's Coverage Of Private Markets](http://www.mondovisione.com/media-and-resources/news/nasdaq-completes-acquisition-of-dasseti-deepening-nasdaq-evestments-ai-and-pri-202692/)
Summarization failed, append the original article
error: __init__() got an unexpected keyword argument 'proxies'
Append: [CME Group Reports Second-Highest August ADV Of 29.7 Million Contracts](http://www.mondovisione.com/media-and-resources/news/cme-group-reports-second-highest-august-adv-of-297-million-contracts-202692/)
Append: [Broadridge Brings G7 Securities To Institutional Tokenized Repo - Broadridge’s Distributed Ledger Repo Solution Expands Cross-Border Atomic Settlement And Collateral Mobility Across G7 Securities For Global Financing And Collateral Markets](http://www.mondovisione.com/media-and-resources/news/broadridge-brings-g7-securities-to-institutional-tokenized-repo-broadridges-d-202692/)
Append: [NSE Indices Fixed Income Index Dashboard For The Month Ended August 2026](http://www.mondovisione.com/media-and-resources/news/nse-indices-fixed-income-index-dashboard-for-the-month-ended-august-2026-202692/)
Append: [Nasdaq Helsinki: Warning And Disciplinary Fine Imposed To Summa Defence Oyj For Breaching The Rules Of Nasdaq First North](http://www.mondovisione.com/media-and-resources/news/nasdaq-helsinki-warning-and-disciplinary-fine-imposed-to-summa-defence-oyj-for-202692/)
Append: [G20 Chair’s Statement[1] - Second Meeting Of G20 Finance Ministers And Central Bank Governors Asheville, United States Of America](http://www.mondovisione.com/media-and-resources/news/g20-chairs-statement1-second-meeting-of-g20-finance-ministers-and-central-b-202692/)
append_entries: 9
Finish: 2026-09-02 14:12:53.717540
------------------------------------------------------
Started: 2026-09-02 19:18:13.851673
Existing_entries: 114
Fetching from https://mondovisione.com/media-and-resources/news/rss/
Summarization failed, append the original article
error: __init__() got an unexpected keyword argument 'proxies'
Append: [Vienna Stock Exchange: Mayr-Melnhof Back In The ATX, RBI Added To The ATX Five](http://www.mondovisione.com/media-and-resources/news/vienna-stock-exchange-mayr-melnhof-back-in-the-atx-rbi-added-to-the-atx-five-202692/)
Summarization failed, append the original article
error: __init__() got an unexpected keyword argument 'proxies'
Append: [CFTC Staff Issues No-Action Position On Large Trader Reporting For Direct Participants](http://www.mondovisione.com/media-and-resources/news/cftc-staff-issues-no-action-position-on-large-trader-reporting-for-direct-partic-202692/)
Summarization failed, append the original article
error: __init__() got an unexpected keyword argument 'proxies'
Append: [CFTC Issues Final Rule To Modify Clearing Requirement For Canadian Dollar- And Mexican Peso-Denominated Interest Rate Swaps](http://www.mondovisione.com/media-and-resources/news/cftc-issues-final-rule-to-modify-clearing-requirement-for-canadian-dollar-and-m-202692/)
Summarization failed, append the original article
error: __init__() got an unexpected keyword argument 'proxies'
Append: [Bahamas International Securities Exchange Q4, 2025 Statistical Report -](http://www.mondovisione.com/media-and-resources/news/bahamas-international-securities-exchange-q4-2025-statistical-report-202692/)
Summarization failed, append the original article
error: __init__() got an unexpected keyword argument 'proxies'
Append: [Borsa İstanbul’s Opening Bell Rang For Bakırcı Gayrimenkul Yatırım Ortaklığı A.Ş.](http://www.mondovisione.com/media-and-resources/news/borsa-istanbuls-opening-bell-rang-for-bakrc-gayrimenkul-yatrm-ortakl-a-202692/)
append_entries: 5
Finish: 2026-09-02 19:18:14.789044
------------------------------------------------------
Started: 2026-09-02 22:28:45.152871
Existing_entries: 119
Fetching from https://mondovisione.com/media-and-resources/news/rss/
Summarization failed, append the original article
error: __init__() got an unexpected keyword argument 'proxies'
Append: [NZX Shareholder Metrics - August 2026](http://www.mondovisione.com/media-and-resources/news/nzx-shareholder-metrics-august-2026-202692/)
Summarization failed, append the original article
error: __init__() got an unexpected keyword argument 'proxies'
Append: [CME Group Sets New Open Interest Record In Henry Hub Natural Gas Futures](http://www.mondovisione.com/media-and-resources/news/cme-group-sets-new-open-interest-record-in-henry-hub-natural-gas-futures-202692/)
append_entries: 2
Finish: 2026-09-02 22:28:46.107054
------------------------------------------------------
Started: 2026-09-03 08:46:40.519510
Existing_entries: 121
Fetching from https://mondovisione.com/media-and-resources/news/rss/
append_entries: 0
Finish: 2026-09-03 08:46:41.523945
------------------------------------------------------
Started: 2026-09-03 19:12:15.160540
Existing_entries: 121
Fetching from https://mondovisione.com/media-and-resources/news/rss/
Summarization failed, append the original article
error: __init__() got an unexpected keyword argument 'proxies'
Append: [Remarks At George Washington University - Digital Markets & International Regulation, CFTC Director Of International Affairs Mel Gunewardena, Washington, DC | September 03, 2026](http://www.mondovisione.com/media-and-resources/news/remarks-at-george-washington-university-digital-markets-and-international-regula-202693/)
Summarization failed, append the original article
error: __init__() got an unexpected keyword argument 'proxies'
Append: [Quarterly Adjustment Of GPW Benchmark Indices](http://www.mondovisione.com/media-and-resources/news/quarterly-adjustment-of-gpw-benchmark-indices-202693/)
Summarization failed, append the original article
error: __init__() got an unexpected keyword argument 'proxies'
Append: [Nadex Product Schedule For The Week Of September 7, 2026, For The 2026 Labor Day Holiday](http://www.mondovisione.com/media-and-resources/news/nadex-product-schedule-for-the-week-of-september-7-2026-for-the-2026-labor-day-202693/)
Summarization failed, append the original article
error: __init__() got an unexpected keyword argument 'proxies'
Append: [Nodal Exchange And Compute Desk To launch Compute Futures Contracts](http://www.mondovisione.com/media-and-resources/news/nodal-exchange-and-compute-desk-to-launch-compute-futures-contracts-202693/)
Summarization failed, append the original article
error: __init__() got an unexpected keyword argument 'proxies'
Append: [SEC Investor Advisory Committee To Host Sept. 10 Meeting](http://www.mondovisione.com/media-and-resources/news/sec-investor-advisory-committee-to-host-sept-10-meeting-202693/)
Append: [CoinShares’ Bitcoin And Ethereum ETPs Launch To UK Market On Hargreaves Lansdown - Physically-Backed BITC And ETHE Now Available To Platform's Two Million Retail Investors, Following The FCA's Decision To Lift The Retail Ban On Crypto ETPs](http://www.mondovisione.com/media-and-resources/news/coinshares-bitcoin-and-ethereum-etps-launch-to-uk-market-on-hargreaves-lansdown-202693/)
Append: [How Credit Index Futures Have Proved Their Worth In 2026: Huw Pill, Bank Of England Chief Economist And Executive Director, Monetary Analysis](http://www.mondovisione.com/media-and-resources/news/how-credit-index-futures-have-proved-their-worth-in-2026-huw-pill-bank-of-engl-202693/)
Append: [CCP Global Publishes The PQD Quarterly Trends Report For 2026 Q2](http://www.mondovisione.com/media-and-resources/news/ccp-global-publishes-the-pqd-quarterly-trends-report-for-2026-q2-202693/)
Append: [OCC Reports August 2026 Monthly Volume Data](http://www.mondovisione.com/media-and-resources/news/occ-reports-august-2026-monthly-volume-data-202693/)
Append: [The Economic Outlook And Some Comments On My Policy Communication, Federal Reserve Governor Christopher J. Waller, At Reuters NEXT Newsmaker Interview, Washington, D.C.](http://www.mondovisione.com/media-and-resources/news/the-economic-outlook-and-some-comments-on-my-policy-communication-federal-reser-202693/)
append_entries: 10
Finish: 2026-09-03 19:12:16.140553
------------------------------------------------------
Started: 2026-09-03 22:25:58.839783
Existing_entries: 131
Fetching from https://mondovisione.com/media-and-resources/news/rss/
Summarization failed, append the original article
error: __init__() got an unexpected keyword argument 'proxies'
Append: [First Amendment Sense And Sensibilities: Statement On Proposed Rescission of Pay-To-Play Rule, SEC Commissioner Hester M. Peirce, Sept. 3, 2026](http://www.mondovisione.com/media-and-resources/news/first-amendment-sense-and-sensibilities-statement-on-proposed-rescission-of-pay-202693/)
Summarization failed, append the original article
error: __init__() got an unexpected keyword argument 'proxies'
Append: [SEC Proposes Rescission Of Political Contribution Rule For Investment Advisers](http://www.mondovisione.com/media-and-resources/news/sec-proposes-rescission-of-political-contribution-rule-for-investment-advisers-202693/)
Summarization failed, append the original article
error: __init__() got an unexpected keyword argument 'proxies'
Append: [Statement On Proposal To Rescind “Pay-To-Play” Rule, Paul S. Atkins, SEC Chairman, Sept. 3, 2026](http://www.mondovisione.com/media-and-resources/news/statement-on-proposal-to-rescind-pay-to-play-rule-paul-s-atkins-sec-chairma-202693/)
Summarization failed, append the original article
error: __init__() got an unexpected keyword argument 'proxies'
Append: [Statement On Proposed Rescission Of Rule 206(4)-5 Under The Investment Advisers Act, SEC Commissioner Mark T. Uyeda, Sept. 3, 2026](http://www.mondovisione.com/media-and-resources/news/statement-on-proposed-rescission-of-rule-2064-5-under-the-investment-advisers-202693/)
Summarization failed, append the original article
error: __init__() got an unexpected keyword argument 'proxies'
Append: [Cboe Global Markets Reports Trading Volume For August 2026](http://www.mondovisione.com/media-and-resources/news/cboe-global-markets-reports-trading-volume-for-august-2026-202693/)
Append: [Nasdaq Reports August 2026 Volumes](http://www.mondovisione.com/media-and-resources/news/nasdaq-reports-august-2026-volumes-202693/)
append_entries: 6
Finish: 2026-09-03 22:26:00.109176
------------------------------------------------------
Started: 2026-09-04 03:51:16.426937
Existing_entries: 137
Fetching from https://mondovisione.com/media-and-resources/news/rss/
append_entries: 0
Finish: 2026-09-04 03:51:17.754687
------------------------------------------------------
Started: 2026-09-04 08:42:18.896404
Existing_entries: 137
Fetching from https://mondovisione.com/media-and-resources/news/rss/
Summarization failed, append the original article
error: __init__() got an unexpected keyword argument 'proxies'
Append: [Montréal Exchange Interest Rate Derivative Trading Ceases At 13:30 Today, September 4, 2026 - Exchange's Markets Closed September 7, 2026](http://www.mondovisione.com/media-and-resources/news/montral-exchange-interest-rate-derivative-trading-ceases-at-1330-today-septem-202694/)
Summarization failed, append the original article
error: __init__() got an unexpected keyword argument 'proxies'
Append: [ASX Group Monthly Activity Report - August 2026](http://www.mondovisione.com/media-and-resources/news/asx-group-monthly-activity-report-august-2026-202694/)
Summarization failed, append the original article
error: __init__() got an unexpected keyword argument 'proxies'
Append: [Parliamentary Joint Committee On Corporations And Financial Services, Opening Statement, 4 September 2026 - Opening Statement By ASIC Chair Sarah Court At The Parliamentary Joint Committee On Corporations And Financial Services Oversight Of ASIC, The Takeovers Panel And The Corporations Legislation](http://www.mondovisione.com/media-and-resources/news/parliamentary-joint-committee-on-corporations-and-financial-services-opening-st-202694/)
Summarization failed, append the original article
error: __init__() got an unexpected keyword argument 'proxies'
Append: [Shanghai Gold Exchange Monthly Report Of Data Highlights - August, 2026](http://www.mondovisione.com/media-and-resources/news/shanghai-gold-exchange-monthly-report-of-data-highlights-august-2026-202694/)
Summarization failed, append the original article
error: __init__() got an unexpected keyword argument 'proxies'
Append: [US Financial Trade Associations Issue Joint Statement On Political Contributions Rule For Investment Advisers](http://www.mondovisione.com/media-and-resources/news/us-financial-trade-associations-issue-joint-statement-on-political-contributions-202694/)
append_entries: 5
Finish: 2026-09-04 08:42:20.428983
------------------------------------------------------
Started: 2026-09-04 14:06:06.175579
Existing_entries: 142
Fetching from https://mondovisione.com/media-and-resources/news/rss/
Summarization failed, append the original article
error: __init__() got an unexpected keyword argument 'proxies'
Append: [ESMA To Host Data Day 2026: ‘Data In The Savings And Investment Union – From Burden To Opportunity’](http://www.mondovisione.com/media-and-resources/news/esma-to-host-data-day-2026-data-in-the-savings-and-investment-union-from-bur-202694/)
Summarization failed, append the original article
error: __init__() got an unexpected keyword argument 'proxies'
Append: [NGX N-Zero Begins Corporate Climate Baseline Assessments](http://www.mondovisione.com/media-and-resources/news/ngx-n-zero-begins-corporate-climate-baseline-assessments-202694/)
Summarization failed, append the original article
error: __init__() got an unexpected keyword argument 'proxies'
Append: [ESMA Signs Memorandum Of Understanding With The Securities And Exchange Board Of India](http://www.mondovisione.com/media-and-resources/news/esma-signs-memorandum-of-understanding-with-the-securities-and-exchange-board-of-202694/)
Summarization failed, append the original article
error: __init__() got an unexpected keyword argument 'proxies'
Append: [TRG Screen Acquires S4 Market Data to Expand Managed Services Offering](http://www.mondovisione.com/media-and-resources/news/trg-screen-acquires-s4-market-data-to-expand-managed-services-offering-202694/)
Summarization failed, append the original article
error: __init__() got an unexpected keyword argument 'proxies'
Append: [ICE’s Interest Rate Futures Markets Hit Record Open Interest](http://www.mondovisione.com/media-and-resources/news/ices-interest-rate-futures-markets-hit-record-open-interest-202694/)
Append: [GPW Group’s Record-Breaking H1 2026](http://www.mondovisione.com/media-and-resources/news/gpw-groups-record-breaking-h1-2026-202694/)
Append: [SET Revises Listing Criteria To Attract New Economy And Foreign Companies, Effective September 11, 2026](http://www.mondovisione.com/media-and-resources/news/set-revises-listing-criteria-to-attract-new-economy-and-foreign-companies-effec-202694/)
Append: [Tradeweb Reports August 2026 Total Trading Volume Of $61.2 Trillion And Average Daily Volume Of $2.8 Trillion](http://www.mondovisione.com/media-and-resources/news/tradeweb-reports-august-2026-total-trading-volume-of-612-trillion-and-average-202694/)
Append: [Revised Lists Of The Moscow Exchange Indices Announced](http://www.mondovisione.com/media-and-resources/news/revised-lists-of-the-moscow-exchange-indices-announced-202694/)
Append: [Appital Redefines The Scale Of Electronic Liquidity With Citadel Securities As Liquidity Provider - The Integration Of Continuous Price Discovery Into Appital’s Platform Combines Buy-Side Liquidity With Institutional Risk Capacity Within Electronic Reach](http://www.mondovisione.com/media-and-resources/news/appital-redefines-the-scale-of-electronic-liquidity-with-citadel-securities-as-l-202694/)
append_entries: 10
Finish: 2026-09-04 14:06:07.278263
------------------------------------------------------
Started: 2026-09-04 18:55:06.804691
Existing_entries: 152
Fetching from https://mondovisione.com/media-and-resources/news/rss/
Summarization failed, append the original article
error: __init__() got an unexpected keyword argument 'proxies'
Append: [CME Group Inc. Announces Third-Quarter 2026 Earnings Release, Conference Call](http://www.mondovisione.com/media-and-resources/news/cme-group-inc-announces-third-quarter-2026-earnings-release-conference-call-202694/)
Summarization failed, append the original article
error: __init__() got an unexpected keyword argument 'proxies'
Append: [Nigerian Exchange Weekly Market Report For The Week Ended 4 September 2026](http://www.mondovisione.com/media-and-resources/news/nigerian-exchange-weekly-market-report-for-the-week-ended-4-september-2026-202694/)
Summarization failed, append the original article
error: __init__() got an unexpected keyword argument 'proxies'
Append: [The Institutional Form Of Independent Central Banks: From History To Contemporary Challenges - Speech By Andrew Bailey, Governor, Bank Of England, Given At LSE TRIUM Anniversary Conference](http://www.mondovisione.com/media-and-resources/news/the-institutional-form-of-independent-central-banks-from-history-to-contemporar-202694/)
Summarization failed, append the original article
error: __init__() got an unexpected keyword argument 'proxies'
Append: [Dubai Financial Market  Regulated Short Sell – Weekly Summary - 31st August 2026 To 4th September 2026](http://www.mondovisione.com/media-and-resources/news/dubai-financial-market-regulated-short-sell-weekly-summary-31st-august-2026-202694/)
append_entries: 4
Finish: 2026-09-04 18:55:07.982243
------------------------------------------------------
Started: 2026-09-05 08:13:36.074181
Existing_entries: 156
Fetching from https://mondovisione.com/media-and-resources/news/rss/
Summarization failed, append the original article
error: __init__() got an unexpected keyword argument 'proxies'
Append: [Nasdaq EVP & CFO Sarah Youngwood To Present At Barclays 24th Annual Global Financial Services Conference](http://www.mondovisione.com/media-and-resources/news/nasdaq-evp-and-cfo-sarah-youngwood-to-present-at-barclays-24th-annual-global-finan-202694/)
Summarization failed, append the original article
error: __init__() got an unexpected keyword argument 'proxies'
Append: [Europeanization Of U.S. Markets And The Destruction Of Microstructure: By Kelvin To, Founder And President Of Data Boiler Technologies](http://www.mondovisione.com/media-and-resources/news/europeanization-of-us-markets-and-the-destruction-of-microstructure-by-kelvin-202694/)
Summarization failed, append the original article
error: __init__() got an unexpected keyword argument 'proxies'
Append: [CFTC Commitments Of Traders Reports Update](http://www.mondovisione.com/media-and-resources/news/cftc-commitments-of-traders-reports-update-202694/)
Summarization failed, append the original article
error: __init__() got an unexpected keyword argument 'proxies'
Append: [Moscow Exchange: Updated Constituents List For OFZ Zero Coupon Yield Curve To Come Into Force On 15 September 2026](http://www.mondovisione.com/media-and-resources/news/moscow-exchange-updated-constituents-list-for-ofz-zero-coupon-yield-curve-to-co-202694/)
Summarization failed, append the original article
error: __init__() got an unexpected keyword argument 'proxies'
Append: [CCP Global Submits A Response To The BOE's Discussion Paper On CCP Resolution](http://www.mondovisione.com/media-and-resources/news/ccp-global-submits-a-response-to-the-boes-discussion-paper-on-ccp-resolution-202694/)
append_entries: 5
Finish: 2026-09-05 08:13:53.640374
------------------------------------------------------
Started: 2026-09-05 13:19:38.570488
Existing_entries: 161
Fetching from https://mondovisione.com/media-and-resources/news/rss/
append_entries: 0
Finish: 2026-09-05 13:19:39.498723
------------------------------------------------------
Started: 2026-09-05 16:40:50.658574
Existing_entries: 161
Fetching from https://mondovisione.com/media-and-resources/news/rss/
Summarization failed, append the original article
error: __init__() got an unexpected keyword argument 'proxies'
Append: [Tehran Securities Exchange Weekly Market Report, 29 Aug. - 2 Sept. 2026](http://www.mondovisione.com/media-and-resources/news/tehran-securities-exchange-weekly-market-report-29-aug-2-sept-2026-202695/)
append_entries: 1
Finish: 2026-09-05 16:40:51.401898
------------------------------------------------------
Started: 2026-09-05 20:08:42.918212
Existing_entries: 162
Fetching from https://mondovisione.com/media-and-resources/news/rss/
append_entries: 0
Finish: 2026-09-05 20:08:43.932866
------------------------------------------------------
Started: 2026-09-05 23:40:26.232313
Existing_entries: 162
Fetching from https://mondovisione.com/media-and-resources/news/rss/
append_entries: 0
Finish: 2026-09-05 23:40:27.070774
------------------------------------------------------
Started: 2026-09-06 03:53:17.520237
Existing_entries: 162
Fetching from https://mondovisione.com/media-and-resources/news/rss/
append_entries: 0
Finish: 2026-09-06 03:53:18.390406
------------------------------------------------------
Started: 2026-09-06 08:32:43.247926
Existing_entries: 162
Fetching from https://mondovisione.com/media-and-resources/news/rss/
append_entries: 0
Finish: 2026-09-06 08:32:44.211465
------------------------------------------------------
Started: 2026-09-06 13:29:16.729004
Existing_entries: 162
Fetching from https://mondovisione.com/media-and-resources/news/rss/
append_entries: 0
Finish: 2026-09-06 13:29:17.787391
------------------------------------------------------
Started: 2026-09-06 16:47:31.211766
Existing_entries: 162
Fetching from https://mondovisione.com/media-and-resources/news/rss/
append_entries: 0
Finish: 2026-09-06 16:47:32.031999
------------------------------------------------------
Started: 2026-09-06 20:13:27.904777
Existing_entries: 162
Fetching from https://mondovisione.com/media-and-resources/news/rss/
append_entries: 0
Finish: 2026-09-06 20:13:29.198995
------------------------------------------------------
Started: 2026-09-06 23:38:54.460919
Existing_entries: 162
Fetching from https://mondovisione.com/media-and-resources/news/rss/
append_entries: 0
Finish: 2026-09-06 23:38:55.468451
------------------------------------------------------
Started: 2026-09-07 03:52:27.161077
Existing_entries: 162
Fetching from https://mondovisione.com/media-and-resources/news/rss/
append_entries: 0
Finish: 2026-09-07 03:52:28.057100
------------------------------------------------------
Started: 2026-09-07 09:09:47.859489
Existing_entries: 162
Fetching from https://mondovisione.com/media-and-resources/news/rss/
Summarization failed, append the original article
error: __init__() got an unexpected keyword argument 'proxies'
Append: [S&P Maintains ‘A’ Rating And Stable Outlook For SIX](http://www.mondovisione.com/media-and-resources/news/sandp-maintains-a-rating-and-stable-outlook-for-six-202697/)
Summarization failed, append the original article
error: __init__() got an unexpected keyword argument 'proxies'
Append: [Taiwan Futures Exchange Newsletter - September 2026](http://www.mondovisione.com/media-and-resources/news/taiwan-futures-exchange-newsletter-september-2026-202697/)
Summarization failed, append the original article
error: __init__() got an unexpected keyword argument 'proxies'
Append: [Securities Commission Malaysia And Bursa Malaysia Collaborate To Advance Informed Investing Among Retail Investors](http://www.mondovisione.com/media-and-resources/news/securities-commission-malaysia-and-bursa-malaysia-collaborate-to-advance-informe-202697/)
append_entries: 3
Finish: 2026-09-07 09:09:48.953427
------------------------------------------------------
Started: 2026-09-07 15:39:11.202521
Existing_entries: 165
Fetching from https://mondovisione.com/media-and-resources/news/rss/
Summarization failed, append the original article
error: __init__() got an unexpected keyword argument 'proxies'
Append: [Defiance ETFs Launches Memory & Photonics ETF Tracking The Solactive Memory And Photonics Index](http://www.mondovisione.com/media-and-resources/news/defiance-etfs-launches-memory-and-photonics-etf-tracking-the-solactive-memory-and-202697/)
Summarization failed, append the original article
error: __init__() got an unexpected keyword argument 'proxies'
Append: [CME Group Sets New FX Open Interest Record](http://www.mondovisione.com/media-and-resources/news/cme-group-sets-new-fx-open-interest-record-202697/)
Summarization failed, append the original article
error: __init__() got an unexpected keyword argument 'proxies'
Append: [ACER Calls For Better Market Modelling As Data Centre Demand Outpaces Electricity Supply In Portugal](http://www.mondovisione.com/media-and-resources/news/acer-calls-for-better-market-modelling-as-data-centre-demand-outpaces-electricit-202697/)
Summarization failed, append the original article
error: __init__() got an unexpected keyword argument 'proxies'
Append: [August 2026 Figures At Eurex](http://www.mondovisione.com/media-and-resources/news/august-2026-figures-at-eurex-202697/)
Summarization failed, append the original article
error: __init__() got an unexpected keyword argument 'proxies'
Append: [Last Chance To Register: Limited Seats Remain For The 7th Annual ETFGI Global ETFs Insights Summit Asia Pacific On Sept 9th And 10th](http://www.mondovisione.com/media-and-resources/news/last-chance-to-register-limited-seats-remain-for-the-7th-annual-etfgi-global-et-202697/)
Append: [Eurex: Trading And Market Insights With Rex Jones - European Interest Rate Options](http://www.mondovisione.com/media-and-resources/news/eurex-trading-and-market-insights-with-rex-jones-european-interest-rate-optio-202697/)
append_entries: 6
Finish: 2026-09-07 15:39:12.216574
------------------------------------------------------
Started: 2026-09-07 19:44:10.775454
Existing_entries: 171
Fetching from https://mondovisione.com/media-and-resources/news/rss/
Summarization failed, append the original article
error: __init__() got an unexpected keyword argument 'proxies'
Append: [Euronext Announces Volumes For August 2026](http://www.mondovisione.com/media-and-resources/news/euronext-announces-volumes-for-august-2026-202697/)
Summarization failed, append the original article
error: __init__() got an unexpected keyword argument 'proxies'
Append: [London Stock Exchange Group plc Transaction In Own Shares](http://www.mondovisione.com/media-and-resources/news/london-stock-exchange-group-plc-transaction-in-own-shares-202697/)
Summarization failed, append the original article
error: __init__() got an unexpected keyword argument 'proxies'
Append: [EEX Launches New Handysize Freight Futures](http://www.mondovisione.com/media-and-resources/news/eex-launches-new-handysize-freight-futures-202697/)
Summarization failed, append the original article
error: __init__() got an unexpected keyword argument 'proxies'
Append: [Monthly Review- Diverging Sector Performance Stands Out Amid The Second-Quarter Earnings Season - August On Tel Aviv Stock Exchange: Stability In The Flagship Indices Amid Significant Sector Divergence](http://www.mondovisione.com/media-and-resources/news/monthly-review-diverging-sector-performance-stands-out-amid-the-second-quarter-202697/)
append_entries: 4
Finish: 2026-09-07 19:44:11.959721
------------------------------------------------------
Started: 2026-09-07 22:40:29.498753
Existing_entries: 175
Fetching from https://mondovisione.com/media-and-resources/news/rss/
append_entries: 0
Finish: 2026-09-07 22:40:30.859153
------------------------------------------------------
Started: 2026-09-08 03:55:38.140088
Existing_entries: 175
Fetching from https://mondovisione.com/media-and-resources/news/rss/
append_entries: 0
Finish: 2026-09-08 03:55:39.256533
------------------------------------------------------
Started: 2026-09-08 08:45:27.580415
Existing_entries: 175
Fetching from https://mondovisione.com/media-and-resources/news/rss/
Summarization failed, append the original article
error: __init__() got an unexpected keyword argument 'proxies'
Append: [ExeQution Analytics Launches FX Solution: Solas](http://www.mondovisione.com/media-and-resources/news/exeqution-analytics-launches-fx-solution-solas-202698/)
Summarization failed, append the original article
error: __init__() got an unexpected keyword argument 'proxies'
Append: [Record Year For Investment Product Sales In Hong Kong With Robust Demand For FICC-Related Products: Hong Kong Securities and Futures Commission-Hong Kong Monetary Authority Joint Survey 2025](http://www.mondovisione.com/media-and-resources/news/record-year-for-investment-product-sales-in-hong-kong-with-robust-demand-for-fic-202698/)
Summarization failed, append the original article
error: __init__() got an unexpected keyword argument 'proxies'
Append: [SET Market Report For August 2026](http://www.mondovisione.com/media-and-resources/news/set-market-report-for-august-2026-202698/)
Summarization failed, append the original article
error: __init__() got an unexpected keyword argument 'proxies'
Append: [Shenzhen Stock Exchange Market Bulletin, September 04, 2026, Issue 21](http://www.mondovisione.com/media-and-resources/news/shenzhen-stock-exchange-market-bulletin-september-04-2026-issue-21-202698/)
append_entries: 4
Finish: 2026-09-08 08:45:28.491427
------------------------------------------------------
Started: 2026-09-08 14:16:47.597319
Existing_entries: 179
Fetching from https://mondovisione.com/media-and-resources/news/rss/
Summarization failed, append the original article
error: __init__() got an unexpected keyword argument 'proxies'
Append: [Archax Adds US Digital Broker-Dealer, Completing Regulated Coverage Across UK, EU And US - FINRA Membership And SEC Registration Clear The Way For Archax To Offer Tokenized Real-World Asset Products And Services Directly In The United States](http://www.mondovisione.com/media-and-resources/news/archax-adds-us-digital-broker-dealer-completing-regulated-coverage-across-uk-e-202698/)
Summarization failed, append the original article
error: __init__() got an unexpected keyword argument 'proxies'
Append: [UK Economic Secretary To The Treasury Speech At UK Finance - The Economic Secretary To The Treasury Delivered Her Speech At UK Finance](http://www.mondovisione.com/media-and-resources/news/uk-economic-secretary-to-the-treasury-speech-at-uk-finance-the-economic-secret-202698/)
Summarization failed, append the original article
error: __init__() got an unexpected keyword argument 'proxies'
Append: [CME Group To Enter European Dairy Market With Transition Of EEX Dairy Products](http://www.mondovisione.com/media-and-resources/news/cme-group-to-enter-european-dairy-market-with-transition-of-eex-dairy-products-202698/)
Summarization failed, append the original article
error: __init__() got an unexpected keyword argument 'proxies'
Append: [CPMI-IOSCO: Global Standard-Setting Bodies Publish A Toolkit For Cyber Resilience At Financial Market Infrastructures (FMIs) And A Discussion Paper On FMIs' Reliance On Third-Party Service Providers](http://www.mondovisione.com/media-and-resources/news/cpmi-iosco-global-standard-setting-bodies-publish-a-toolkit-for-cyber-resilienc-202698/)
Summarization failed, append the original article
error: __init__() got an unexpected keyword argument 'proxies'
Append: [CRIF Launches AI Anti-Fraud Solution For Financial Providers To Tackle Tampering During Customer Onboarding](http://www.mondovisione.com/media-and-resources/news/crif-launches-ai-anti-fraud-solution-for-financial-providers-to-tackle-tampering-202698/)
Append: [LAVA Advisory Partners Enters The US With New York Office And Appointment Of Two US-Based Partners](http://www.mondovisione.com/media-and-resources/news/lava-advisory-partners-enters-the-us-with-new-york-office-and-appointment-of-two-202698/)
Append: [SIX Launches Affordable European Market Data Alternative](http://www.mondovisione.com/media-and-resources/news/six-launches-affordable-european-market-data-alternative-202698/)
Append: [MENA Fintech Association Welcomes Wise As A Corporate Member to Advance Cross-Border Payments And Global Financial Connectivity](http://www.mondovisione.com/media-and-resources/news/mena-fintech-association-welcomes-wise-as-a-corporate-member-to-advance-cross-bo-202698/)
append_entries: 8
Finish: 2026-09-08 14:16:48.587754
------------------------------------------------------
Started: 2026-09-08 19:20:33.922090
Existing_entries: 187
Fetching from https://mondovisione.com/media-and-resources/news/rss/
Summarization failed, append the original article
error: __init__() got an unexpected keyword argument 'proxies'
Append: [Trading Technologies And FairXchange Partner To Deliver Independent Execution Analytics For Institutional FX - Adds Independent Liquidity And Execution Analytics To TT's Institutional FX Execution Venue](http://www.mondovisione.com/media-and-resources/news/trading-technologies-and-fairxchange-partner-to-deliver-independent-execution-an-202698/)
Summarization failed, append the original article
error: __init__() got an unexpected keyword argument 'proxies'
Append: [Nodal Achieved Growth In Power, Gas, And Environmental Markets In August 2026](http://www.mondovisione.com/media-and-resources/news/nodal-achieved-growth-in-power-gas-and-environmental-markets-in-august-2026-202698/)
Summarization failed, append the original article
error: __init__() got an unexpected keyword argument 'proxies'
Append: [Ontario Securities Commission Brings Together Capital Markets Leaders To Advise On Future Priorities](http://www.mondovisione.com/media-and-resources/news/ontario-securities-commission-brings-together-capital-markets-leaders-to-advise-202698/)
Summarization failed, append the original article
error: __init__() got an unexpected keyword argument 'proxies'
Append: [Canadian Securities Administrators Report: Data Portability Holds Promise For Investment Market, If Regulators And Industry Address Challenge](http://www.mondovisione.com/media-and-resources/news/canadian-securities-administrators-report-data-portability-holds-promise-for-in-202698/)
Summarization failed, append the original article
error: __init__() got an unexpected keyword argument 'proxies'
Append: [Rimes Appoints Amir Mirza As Chief Financial Officer To Support Next Phase Of Growth - New CFO Appointment Strengthens Rimes’ Leadership Capabilities As The Company Advances Its Intelligence Fabric For Capital Markets Strategy](http://www.mondovisione.com/media-and-resources/news/rimes-appoints-amir-mirza-as-chief-financial-officer-to-support-next-phase-of-gr-202698/)
Append: [Nasdaq, Börse Stuttgart And Others Urge EU To Rethink €100bn DLT Cap](http://www.mondovisione.com/media-and-resources/news/nasdaq-brse-stuttgart-and-others-urge-eu-to-rethink-100bn-dlt-cap-202698/)
Append: [With Intelligence Launches Investor Analytics - Builds On Industry’s Leading Database Of Institutional Investors To Align Fundraising Goals With Institutional Investor Intentions And Performance Benchmarks](http://www.mondovisione.com/media-and-resources/news/with-intelligence-launches-investor-analytics-builds-on-industrys-leading-dat-202698/)
append_entries: 7
Finish: 2026-09-08 19:20:34.688268
------------------------------------------------------
Started: 2026-09-08 22:29:00.910291
Existing_entries: 194
Fetching from https://mondovisione.com/media-and-resources/news/rss/
Summarization failed, append the original article
error: __init__() got an unexpected keyword argument 'proxies'
Append: [CFTC Swaps Report Update](http://www.mondovisione.com/media-and-resources/news/cftc-swaps-report-update-202698/)
Summarization failed, append the original article
error: __init__() got an unexpected keyword argument 'proxies'
Append: [TMX Group Consolidated Trading Statistics – August 2026 - Toronto Stock Exchange, TSX Venture Exchange, TSX Alpha Exchange, Including Alpha-X & Alpha DRK, And Montréal Exchange](http://www.mondovisione.com/media-and-resources/news/tmx-group-consolidated-trading-statistics-august-2026-toronto-stock-exchange-202698/)
append_entries: 2
Finish: 2026-09-08 22:29:01.822781
------------------------------------------------------
Started: 2026-09-09 04:00:39.682750
Existing_entries: 196
Fetching from https://mondovisione.com/media-and-resources/news/rss/
append_entries: 0
Finish: 2026-09-09 04:00:40.635668
------------------------------------------------------
Started: 2026-09-09 08:55:53.307008
Existing_entries: 196
Fetching from https://mondovisione.com/media-and-resources/news/rss/
Summarization failed, append the original article
error: __init__() got an unexpected keyword argument 'proxies'
Append: [Deutsche Börse AG Launches An Offering Of Convertible Bonds In An Aggregate Amount Of EUR 600 Million Due 2031](http://www.mondovisione.com/media-and-resources/news/deutsche-brse-ag-launches-an-offering-of-convertible-bonds-in-an-aggregate-amou-202699/)
Summarization failed, append the original article
error: __init__() got an unexpected keyword argument 'proxies'
Append: [Connecting Global Markets To Shape The Future: Hong Kong’s Next Chapter As A Fixed Income And Currency Hub - Keynote Speech At The Fourth HKEX China Conference - Mr Rico Leung, Executive Director, Supervision Of Markets, Hong Kong Securities And Futures Commission, 9 September 2026](http://www.mondovisione.com/media-and-resources/news/connecting-global-markets-to-shape-the-future-hong-kongs-next-chapter-as-a-fix-202699/)
Summarization failed, append the original article
error: __init__() got an unexpected keyword argument 'proxies'
Append: [ASX Update - Dividend/Distribution](http://www.mondovisione.com/media-and-resources/news/asx-update-dividenddistribution-202699/)
Summarization failed, append the original article
error: __init__() got an unexpected keyword argument 'proxies'
Append: [ASIC: Financial Advice Update – September 2026](http://www.mondovisione.com/media-and-resources/news/asic-financial-advice-update-september-2026-202699/)
Summarization failed, append the original article
error: __init__() got an unexpected keyword argument 'proxies'
Append: [New Zealand Financial Markets Authority: OCR Pass Through Transparency - Delivering Transparency On The Pace At Which Financial Institutions Respond To Changes In The Official Cash Rate](http://www.mondovisione.com/media-and-resources/news/new-zealand-financial-markets-authority-ocr-pass-through-transparency-deliver-202699/)
append_entries: 5
Finish: 2026-09-09 08:55:54.899140
------------------------------------------------------
Started: 2026-09-09 14:16:39.866657
Existing_entries: 201
Fetching from https://mondovisione.com/media-and-resources/news/rss/
Summarization failed, append the original article
error: __init__() got an unexpected keyword argument 'proxies'
Append: [LME Announces Launch Date And Liquidity Provider Programme For Steel HRC Shanghai Futures Contract](http://www.mondovisione.com/media-and-resources/news/lme-announces-launch-date-and-liquidity-provider-programme-for-steel-hrc-shangha-202699/)
Summarization failed, append the original article
error: __init__() got an unexpected keyword argument 'proxies'
Append: [Pirum Appoints Ray Wong As Director Of Product - AI & Data - Senior Leader In Agentic AI And Capital Markets Data Products Joins To Accelerate Pirum's Data-Driven AI Solutions Portfolio](http://www.mondovisione.com/media-and-resources/news/pirum-appoints-ray-wong-as-director-of-product-ai-and-data-senior-leader-in-ag-202699/)
Summarization failed, append the original article
error: __init__() got an unexpected keyword argument 'proxies'
Append: [83% Expect To Meet T+1 Deadline Next Year, But Only 32% Say They Are Fully Prepared Today:  Tokenovate](http://www.mondovisione.com/media-and-resources/news/83-expect-to-meet-t1-deadline-next-year-but-only-32-say-they-are-fully-prepa-202699/)
Summarization failed, append the original article
error: __init__() got an unexpected keyword argument 'proxies'
Append: [Sage Capital Management Selects OpenPayd To Expand Fiat Access For Institutional Digital Asset Clients - Live Integration Adds USD, EUR And GBP CAPABILITIES, INCLUDING USD On/Off-Ramping Via SWIFT, Alongside SEPA And Faster Payments Connectivity.](http://www.mondovisione.com/media-and-resources/news/sage-capital-management-selects-openpayd-to-expand-fiat-access-for-institutional-202699/)
Summarization failed, append the original article
error: __init__() got an unexpected keyword argument 'proxies'
Append: [Broadridge Launches DLX, An Always-On Digital Asset Infrastructure Platform For Tokenized Markets - DLX Is The Operating System For Tokenized Finance, Combining Multi-Chain Enablement, A Programmable Smart Contract Composer, 24/7 Transaction Capabilities, Integrated Distribution, And Institutional-Grade Workflow Orchestration Across Traditional And On-Chain Markets](http://www.mondovisione.com/media-and-resources/news/broadridge-launches-dlx-an-always-on-digital-asset-infrastructure-platform-for-202699/)
append_entries: 5
Finish: 2026-09-09 14:16:41.143454
------------------------------------------------------
Started: 2026-09-09 19:10:15.937977
Existing_entries: 206
Fetching from https://mondovisione.com/media-and-resources/news/rss/
Summarization failed, append the original article
error: __init__() got an unexpected keyword argument 'proxies'
Append: [Toronto Stock Exchange Announces The 2026 TSX30®, Recognizing The Companies Scaling Into Global Leaders - Annual Ranking Recognizes Top Performers Across Key Sectors Delivering A Record 785% Average Return And $225.7 Billion In New Market Value Over Three Years](http://www.mondovisione.com/media-and-resources/news/toronto-stock-exchange-announces-the-2026-tsx30-recognizing-the-companies-scal-202699/)
Summarization failed, append the original article
error: __init__() got an unexpected keyword argument 'proxies'
Append: [ISDA derivatiViews: Remove Bureaucracy From Cross-Margin Approvals](http://www.mondovisione.com/media-and-resources/news/isda-derivativiews-remove-bureaucracy-from-cross-margin-approvals-202699/)
Summarization failed, append the original article
error: __init__() got an unexpected keyword argument 'proxies'
Append: [CFTC Secures Court Orders Directing Texas And Florida Residents To Pay Over $500,000 In Disgorgement And Civil Monetary Penalties And Imposing Trading Bans For Commodity Pool Fraud](http://www.mondovisione.com/media-and-resources/news/cftc-secures-court-orders-directing-texas-and-florida-residents-to-pay-over-500-202699/)
Summarization failed, append the original article
error: __init__() got an unexpected keyword argument 'proxies'
Append: [CME Group Announces New Senior Leadership Appointments](http://www.mondovisione.com/media-and-resources/news/cme-group-announces-new-senior-leadership-appointments-202699/)
Summarization failed, append the original article
error: __init__() got an unexpected keyword argument 'proxies'
Append: [Deutsche Börse AG Announces Successful Placement Of Convertible Bonds](http://www.mondovisione.com/media-and-resources/news/deutsche-brse-ag-announces-successful-placement-of-convertible-bonds-202699/)
Append: [Eurex Launches FX And Fixed Income Portfolio Margining, BNP Paribas And J.P. Morgan Enable EFP-Based FX Futures Execution](http://www.mondovisione.com/media-and-resources/news/eurex-launches-fx-and-fixed-income-portfolio-margining-bnp-paribas-and-jp-mor-202699/)
Append: [TMX Group Equity Financing Statistics – August 2026](http://www.mondovisione.com/media-and-resources/news/tmx-group-equity-financing-statistics-august-2026-202699/)
Append: [The EBA Responds To The European Commission’s Non-Adoption Of Draft Amending Technical Standards On Prior Permission](http://www.mondovisione.com/media-and-resources/news/the-eba-responds-to-the-european-commissions-non-adoption-of-draft-amending-tec-202699/)
Append: [ESMA Consults On Disclosure Requirements And Updates Guidelines And Q&As Under The Prospectus Regulation](http://www.mondovisione.com/media-and-resources/news/esma-consults-on-disclosure-requirements-and-updates-guidelines-and-qandas-under-t-202699/)
Append: [Euronext Announces September 2026 Results Of The OBX® Family](http://www.mondovisione.com/media-and-resources/news/euronext-announces-september-2026-results-of-the-obx-family-202699/)
append_entries: 10
Finish: 2026-09-09 19:10:16.914503
------------------------------------------------------
Started: 2026-09-09 22:22:57.952385
Existing_entries: 216
Fetching from https://mondovisione.com/media-and-resources/news/rss/
Summarization failed, append the original article
error: __init__() got an unexpected keyword argument 'proxies'
Append: [Exchange Data International, Symbol Master, And CPZ Partner To Streamline Data For AI Trading - EDI’s Global Reference And Pricing Data And SMI’s Options Symbology Are Being Integrated Into CPZAI, The AI-Native Systematic Trading Operating System Built By CPZ](http://www.mondovisione.com/media-and-resources/news/exchange-data-international-symbol-master-and-cpz-partner-to-streamline-data-f-202699/)
Summarization failed, append the original article
error: __init__() got an unexpected keyword argument 'proxies'
Append: [EDX Integrates Fireblocks Network Link To Streamline Institutional Digital Asset Transfers](http://www.mondovisione.com/media-and-resources/news/edx-integrates-fireblocks-network-link-to-streamline-institutional-digital-asset-202699/)
append_entries: 2
Finish: 2026-09-09 22:22:58.942084
------------------------------------------------------
Started: 2026-09-10 03:59:37.441792
Existing_entries: 218
Fetching from https://mondovisione.com/media-and-resources/news/rss/
append_entries: 0
Finish: 2026-09-10 03:59:38.465938
------------------------------------------------------
Started: 2026-09-10 08:54:09.718980
Existing_entries: 218
Fetching from https://mondovisione.com/media-and-resources/news/rss/
Summarization failed, append the original article
error: __init__() got an unexpected keyword argument 'proxies'
Append: [Caplin Launches End-To-End White-Label Digital Asset Solution For Institutional Trading Desks - Gives Sell-Side Firms Hosted Multi-Asset Trading Infrastructure Out Of The Box With Deployment In As Little As 12 Weeks](http://www.mondovisione.com/media-and-resources/news/caplin-launches-end-to-end-white-label-digital-asset-solution-for-institutional-2026910/)
Summarization failed, append the original article
error: __init__() got an unexpected keyword argument 'proxies'
Append: [Sterling Trading Tech Launches STRIDER™ - AI Driven Web And Mobile For Frictionless 24-Hour Trading Worldwide](http://www.mondovisione.com/media-and-resources/news/sterling-trading-tech-launches-strider-ai-driven-web-and-mobile-for-frictionl-2026910/)
Summarization failed, append the original article
error: __init__() got an unexpected keyword argument 'proxies'
Append: [Pictet Lists AI Enhanced Equity ETFs At SIX Swiss Exchange](http://www.mondovisione.com/media-and-resources/news/pictet-lists-ai-enhanced-equity-etfs-at-six-swiss-exchange-2026910/)
Summarization failed, append the original article
error: __init__() got an unexpected keyword argument 'proxies'
Append: [Callum Dunn Joins DIGITEC As Lead Solutions Architect](http://www.mondovisione.com/media-and-resources/news/callum-dunn-joins-digitec-as-lead-solutions-architect-2026910/)
Summarization failed, append the original article
error: __init__() got an unexpected keyword argument 'proxies'
Append: [New Zealand Financial Markets Authority: KiwiSaver Annual Report 2026 Stresses The Importance Of Good Governance As Balances Pass $40,000](http://www.mondovisione.com/media-and-resources/news/new-zealand-financial-markets-authority-kiwisaver-annual-report-2026-stresses-t-2026910/)
append_entries: 5
Finish: 2026-09-10 08:54:10.960326
------------------------------------------------------
Started: 2026-09-10 14:10:18.739106
Existing_entries: 223
Fetching from https://mondovisione.com/media-and-resources/news/rss/
Summarization failed, append the original article
error: __init__() got an unexpected keyword argument 'proxies'
Append: [UK Financial Conduct Authority: Man Pleads Guilty To Fraud And Forgery Offences Relating To Fake Takeover Approach](http://www.mondovisione.com/media-and-resources/news/uk-financial-conduct-authority-man-pleads-guilty-to-fraud-and-forgery-offences-2026910/)
Summarization failed, append the original article
error: __init__() got an unexpected keyword argument 'proxies'
Append: [Scaling Connectivity And Compute Has Never Been So Simple: LDA Reinvents Platform Flexibility](http://www.mondovisione.com/media-and-resources/news/scaling-connectivity-and-compute-has-never-been-so-simple-lda-reinvents-platfor-2026910/)
Summarization failed, append the original article
error: __init__() got an unexpected keyword argument 'proxies'
Append: [ICE Mortgage Monitor: Property Insurance Costs Rise 8.7% Annually, But Rate Of Growth Is Sharply Slowing - Average Annual Property Insurance Costs Declined 6.6% Among Homeowners Who Switched Carriers And Rose 10.4% For Otherscftc Secures](http://www.mondovisione.com/media-and-resources/news/ice-mortgage-monitor-property-insurance-costs-rise-87-annually-but-rate-of-g-2026910/)
Summarization failed, append the original article
error: __init__() got an unexpected keyword argument 'proxies'
Append: [Private Markets And AI Emerge As Defining Priorities For Asset Managers As Regional Priorities Shape Growth Strategies](http://www.mondovisione.com/media-and-resources/news/private-markets-and-ai-emerge-as-defining-priorities-for-asset-managers-as-regio-2026910/)
Summarization failed, append the original article
error: __init__() got an unexpected keyword argument 'proxies'
Append: [Nasdaq Deepens Relationship With Payward To Advance Tokenized Equities And Always-On Infrastructure](http://www.mondovisione.com/media-and-resources/news/nasdaq-deepens-relationship-with-payward-to-advance-tokenized-equities-and-alway-2026910/)
Append: [Nasdaq Dubai Welcomes New Development Bank's USD 1.75 Billion Bond Listing](http://www.mondovisione.com/media-and-resources/news/nasdaq-dubai-welcomes-new-development-banks-usd-175-billion-bond-listing-2026910/)
Append: [DMIST Publishes Industry Standard For Execution Source Code](http://www.mondovisione.com/media-and-resources/news/dmist-publishes-industry-standard-for-execution-source-code-2026910/)
Append: [Stephen Nash Joins Clear Street As Chief Business Officer, Global Partnerships - DriveWealth Veteran To Lead Global Commercial Strategy For Clear Street's Embedded Brokerage And API Business](http://www.mondovisione.com/media-and-resources/news/stephen-nash-joins-clear-street-as-chief-business-officer-global-partnerships-2026910/)
Append: [Christof Lessenich To become The New ACER Director](http://www.mondovisione.com/media-and-resources/news/christof-lessenich-to-become-the-new-acer-director-2026910/)
Append: [EACH’s Women In Clearing Series – Inspiration From Agnė Vitkovskaja, Lead Compliance Analyst, Nasdaq Clearing](http://www.mondovisione.com/media-and-resources/news/eachs-women-in-clearing-series-inspiration-from-agn-vitkovskaja-lead-compli-2026910/)
append_entries: 10
Finish: 2026-09-10 14:10:19.804257
------------------------------------------------------
Started: 2026-09-10 19:01:55.578165
Existing_entries: 233
Fetching from https://mondovisione.com/media-and-resources/news/rss/
Summarization failed, append the original article
error: __init__() got an unexpected keyword argument 'proxies'
Append: [MIAX Exchange Group - Moments Of Silence On Friday, September 11, 2026](http://www.mondovisione.com/media-and-resources/news/miax-exchange-group-moments-of-silence-on-friday-september-11-2026-2026910/)
Summarization failed, append the original article
error: __init__() got an unexpected keyword argument 'proxies'
Append: [Guidance On How To Conduct And Use Risk Assessments Required By The New York State Department of Financial Services Cybersecurity Regulation](http://www.mondovisione.com/media-and-resources/news/guidance-on-how-to-conduct-and-use-risk-assessments-required-by-the-new-york-sta-2026910/)
Summarization failed, append the original article
error: __init__() got an unexpected keyword argument 'proxies'
Append: [CME Group To Launch CME Securities Clearing On December 7 To Expand Clearing Capacity, Choice And Capital Efficiency In The U.S. Treasury Market - New SEC-Registered Clearing House To Operate Alongside CME Group's Longstanding Cross-Margining Partnership With FICC](http://www.mondovisione.com/media-and-resources/news/cme-group-to-launch-cme-securities-clearing-on-december-7-to-expand-clearing-cap-2026910/)
Summarization failed, append the original article
error: __init__() got an unexpected keyword argument 'proxies'
Append: [New York State Department Of Financial Services Issues New Cybersecurity Guidance On Risk Assessments For Financial Services Entities - Guidance Emphasizes Importance Of Ongoing Risk Assessments And Reminds Entities Of Compliance Obligations Under Nation-Leading Cybersecurity Regulation](http://www.mondovisione.com/media-and-resources/news/new-york-state-department-of-financial-services-issues-new-cybersecurity-guidanc-2026910/)
Summarization failed, append the original article
error: __init__() got an unexpected keyword argument 'proxies'
Append: [Lame Duck: Remarks At The Meeting Of The SEC Investor Advisory Committee, SEC Commissioner Hester M. Peirce, Washington D.C., Sept. 10, 2026](http://www.mondovisione.com/media-and-resources/news/lame-duck-remarks-at-the-meeting-of-the-sec-investor-advisory-committee-sec-co-2026910/)
Append: [Remarks At The Investor Advisory Committee Meeting, Paul S. Atkins, SEC Chairman, Washington D.C. [Delivered Virtually], Sept. 10, 2026](http://www.mondovisione.com/media-and-resources/news/remarks-at-the-investor-advisory-committee-meeting-paul-s-atkins-sec-chairman-2026910/)
append_entries: 6
Finish: 2026-09-10 19:01:56.835675
------------------------------------------------------
Started: 2026-09-10 22:22:24.372209
Existing_entries: 239
Fetching from https://mondovisione.com/media-and-resources/news/rss/
Summarization failed, append the original article
error: __init__() got an unexpected keyword argument 'proxies'
Append: [CFTC Chairman Selig And Kansas State University Announce Agenda For October 22-23 AgCon Conference In Overland Park](http://www.mondovisione.com/media-and-resources/news/cftc-chairman-selig-and-kansas-state-university-announce-agenda-for-october-22-2-2026910/)
Summarization failed, append the original article
error: __init__() got an unexpected keyword argument 'proxies'
Append: [SEC Charges Founder And His Two New Jersey-Based Companies In Alleged $16 Million Ponzi Scheme](http://www.mondovisione.com/media-and-resources/news/sec-charges-founder-and-his-two-new-jersey-based-companies-in-alleged-16-millio-2026910/)
Summarization failed, append the original article
error: __init__() got an unexpected keyword argument 'proxies'
Append: [Cboe Global Markets To Present At The Barclays Global Financial Services Conference On September 16](http://www.mondovisione.com/media-and-resources/news/cboe-global-markets-to-present-at-the-barclays-global-financial-services-confere-2026910/)
Summarization failed, append the original article
error: __init__() got an unexpected keyword argument 'proxies'
Append: [US Federal Bank Regulatory Agencies Reduce Regulatory Burden For Community Banks, Increase Eligibility For 18-Month Exam Cycle](http://www.mondovisione.com/media-and-resources/news/us-federal-bank-regulatory-agencies-reduce-regulatory-burden-for-community-banks-2026910/)
Summarization failed, append the original article
error: __init__() got an unexpected keyword argument 'proxies'
Append: [Nasdaq Announces End-Of-Month Open Short Interest Positions In Nasdaq Stocks As Of Settlement Date August 31, 2026](http://www.mondovisione.com/media-and-resources/news/nasdaq-announces-end-of-month-open-short-interest-positions-in-nasdaq-stocks-as-2026910/)
Append: [NYSE Group Consolidated Short Interest Report](http://www.mondovisione.com/media-and-resources/news/nyse-group-consolidated-short-interest-report-2026910/)
Append: [CFTC Financial Data For Futures Commission Merchants Update](http://www.mondovisione.com/media-and-resources/news/cftc-financial-data-for-futures-commission-merchants-update-2026910/)
Append: [Remarks At The Investor Advisory Committee Meeting, SEC Commissioner Mark T. Uyeda, Washington D.C., Sept. 10, 2026](http://www.mondovisione.com/media-and-resources/news/remarks-at-the-investor-advisory-committee-meeting-sec-commissioner-mark-t-uye-2026910/)
append_entries: 8
Finish: 2026-09-10 22:22:25.465555
------------------------------------------------------
Started: 2026-09-11 03:56:37.375265
Existing_entries: 247
Fetching from https://mondovisione.com/media-and-resources/news/rss/
append_entries: 0
Finish: 2026-09-11 03:56:38.653396
------------------------------------------------------
Started: 2026-09-11 08:50:02.335407
Existing_entries: 247
Fetching from https://mondovisione.com/media-and-resources/news/rss/
Summarization failed, append the original article
error: __init__() got an unexpected keyword argument 'proxies'
Append: [ASIC Seeks Feedback On Future Access To Information On Companies Register](http://www.mondovisione.com/media-and-resources/news/asic-seeks-feedback-on-future-access-to-information-on-companies-register-2026911/)
Summarization failed, append the original article
error: __init__() got an unexpected keyword argument 'proxies'
Append: [US Office Of The Comptroller Of The Currency Advances Community Bank Comeback, Reduces Exam Burden For Smallest Institutions](http://www.mondovisione.com/media-and-resources/news/us-office-of-the-comptroller-of-the-currency-advances-community-bank-comeback-r-2026911/)
append_entries: 2
Finish: 2026-09-11 08:50:03.246719
------------------------------------------------------
Started: 2026-09-11 14:09:43.097995
Existing_entries: 249
Fetching from https://mondovisione.com/media-and-resources/news/rss/
append_entries: 0
Finish: 2026-09-11 14:09:44.010764
